Country	Alpha-2 code	Alpha-3 code	Numeric code	Latitude (average)	Longitude (average)	emoji_flag
Afghanistan	AF	AFG	4	33	65	ğŸ‡¦ğŸ‡«
Albania	AL	ALB	8	41	20	ğŸ‡¦ğŸ‡±
Algeria	DZ	DZA	12	28	3	ğŸ‡©ğŸ‡¿
American Samoa	AS	ASM	16	-14.3333	-170	ğŸ‡¦ğŸ‡¸
Andorra	AD	AND	20	42.5	1.6	ğŸ‡¦ğŸ‡©
Angola	AO	AGO	24	-12.5	18.5	ğŸ‡¦ğŸ‡´
Anguilla	AI	AIA	660	18.25	-63.1667	ğŸ‡¦ğŸ‡®
Antarctica	AQ	ATA	10	-90	0	ğŸ‡¦ğŸ‡¶
Antigua and Barbuda	AG	ATG	28	17.05	-61.8	ğŸ‡¦ğŸ‡¬
Argentina	AR	ARG	32	-34	-64	ğŸ‡¦ğŸ‡·
Armenia	AM	ARM	51	40	45	ğŸ‡¦ğŸ‡²
Aruba	AW	ABW	533	12.5	-69.9667	ğŸ‡¦ğŸ‡¼
Australia	AU	AUS	36	-27	133	ğŸ‡¦ğŸ‡º
Austria	AT	AUT	40	47.3333	13.3333	ğŸ‡¦ğŸ‡¹
Azerbaijan	AZ	AZE	31	40.5	47.5	ğŸ‡¦ğŸ‡¿
Bahamas	BS	BHS	44	24.25	-76	ğŸ‡§ğŸ‡¸
Bahrain	BH	BHR	48	26	50.55	ğŸ‡§ğŸ‡­
Bangladesh	BD	BGD	50	24	90	ğŸ‡§ğŸ‡©
Barbados	BB	BRB	52	13.1667	-59.5333	ğŸ‡§ğŸ‡§
Belarus	BY	BLR	112	53	28	ğŸ‡§ğŸ‡¾
Belgium	BE	BEL	56	50.8333	4	ğŸ‡§ğŸ‡ª
Belize	BZ	BLZ	84	17.25	-88.75	ğŸ‡§ğŸ‡¿
Benin	BJ	BEN	204	9.5	2.25	ğŸ‡§ğŸ‡¯
Bermuda	BM	BMU	60	32.3333	-64.75	ğŸ‡§ğŸ‡²
Bhutan	BT	BTN	64	27.5	90.5	ğŸ‡§ğŸ‡¹
Bolivia	BO	BOL	68	-17	-65	ğŸ‡§ğŸ‡´
Bosnia and Herzegovina	BA	BIH	70	44	18	ğŸ‡§ğŸ‡¦
Botswana	BW	BWA	72	-22	24	ğŸ‡§ğŸ‡¼
Bouvet Island	BV	BVT	74	-54.4333	3.4	ğŸ‡§ğŸ‡»
Brazil	BR	BRA	76	-10	-55	ğŸ‡§ğŸ‡·
British Indian Ocean Territory	IO	IOT	86	-6	71.5	ğŸ‡®ğŸ‡´
Brunei	BN	BRN	96	4.5	114.6667	ğŸ‡§ğŸ‡³
Bulgaria	BG	BGR	100	43	25	ğŸ‡§ğŸ‡¬
Burkina Faso	BF	BFA	854	13	-2	ğŸ‡§ğŸ‡«
Burundi	BI	BDI	108	-3.5	30	ğŸ‡§ğŸ‡®
Cambodia	KH	KHM	116	13	105	ğŸ‡°ğŸ‡­
Cameroon	CM	CMR	120	6	12	ğŸ‡¨ğŸ‡²
Canada	CA	CAN	124	60	-95	ğŸ‡¨ğŸ‡¦
Cape Verde	CV	CPV	132	16	-24	ğŸ‡¨ğŸ‡»
Cayman Islands	KY	CYM	136	19.5	-80.5	ğŸ‡°ğŸ‡¾
Central African Republic	CF	CAF	140	7	21	ğŸ‡¨ğŸ‡«
Chad	TD	TCD	148	15	19	ğŸ‡¹ğŸ‡©
Chile	CL	CHL	152	-30	-71	ğŸ‡¨ğŸ‡±
China	CN	CHN	156	35	105	ğŸ‡¨ğŸ‡³
Christmas Island	CX	CXR	162	-10.5	105.6667	ğŸ‡¨ğŸ‡½
Cocos (Keeling) Islands	CC	CCK	166	-12.5	96.8333	ğŸ‡¨ğŸ‡¨
Colombia	CO	COL	170	4	-72	ğŸ‡¨ğŸ‡´
Comoros	KM	COM	174	-12.1667	44.25	ğŸ‡°ğŸ‡²
Congo	CG	COG	178	-1	15	ğŸ‡¨ğŸ‡¬
Congo, the Democratic Republic of the	CD	COD	180	0	25	ğŸ‡¨ğŸ‡©
Cook Islands	CK	COK	184	-21.2333	-159.7667	ğŸ‡¨ğŸ‡°
Costa Rica	CR	CRI	188	10	-84	ğŸ‡¨ğŸ‡·
Ivory Coast	CI	CIV	384	8	-5	ğŸ‡¨ğŸ‡®
Croatia	HR	HRV	191	45.1667	15.5	ğŸ‡­ğŸ‡·
Cuba	CU	CUB	192	21.5	-80	ğŸ‡¨ğŸ‡º
Cyprus	CY	CYP	196	35	33	ğŸ‡¨ğŸ‡¾
Czech Republic	CZ	CZE	203	49.75	15.5	ğŸ‡¨ğŸ‡¿
Denmark	DK	DNK	208	56	10	ğŸ‡©ğŸ‡°
Djibouti	DJ	DJI	262	11.5	43	ğŸ‡©ğŸ‡¯
Dominica	DM	DMA	212	15.4167	-61.3333	ğŸ‡©ğŸ‡²
Dominican Republic	DO	DOM	214	19	-70.6667	ğŸ‡©ğŸ‡´
Ecuador	EC	ECU	218	-2	-77.5	ğŸ‡ªğŸ‡¨
Egypt	EG	EGY	818	27	30	ğŸ‡ªğŸ‡¬
El Salvador	SV	SLV	222	13.8333	-88.9167	ğŸ‡¸ğŸ‡»
Equatorial Guinea	GQ	GNQ	226	2	10	ğŸ‡¬ğŸ‡¶
Eritrea	ER	ERI	232	15	39	ğŸ‡ªğŸ‡·
Estonia	EE	EST	233	59	26	ğŸ‡ªğŸ‡ª
Ethiopia	ET	ETH	231	8	38	ğŸ‡ªğŸ‡¹
Falkland Islands (Malvinas)	FK	FLK	238	-51.75	-59	ğŸ‡«ğŸ‡°
Faroe Islands	FO	FRO	234	62	-7	ğŸ‡«ğŸ‡´
Fiji	FJ	FJI	242	-18	175	ğŸ‡«ğŸ‡¯
Finland	FI	FIN	246	64	26	ğŸ‡«ğŸ‡®
France	FR	FRA	250	46	2	ğŸ‡«ğŸ‡·
French Guiana	GF	GUF	254	4	-53	ğŸ‡¬ğŸ‡«
French Polynesia	PF	PYF	258	-15	-140	ğŸ‡µğŸ‡«
French Southern Territories	TF	ATF	260	-43	67	ğŸ‡¹ğŸ‡«
Gabon	GA	GAB	266	-1	11.75	ğŸ‡¬ğŸ‡¦
Gambia	GM	GMB	270	13.4667	-16.5667	ğŸ‡¬ğŸ‡²
Georgia	GE	GEO	268	42	43.5	ğŸ‡¬ğŸ‡ª
Germany	DE	DEU	276	51	9	ğŸ‡©ğŸ‡ª
Ghana	GH	GHA	288	8	-2	ğŸ‡¬ğŸ‡­
Gibraltar	GI	GIB	292	36.1833	-5.3667	ğŸ‡¬ğŸ‡®
Greece	GR	GRC	300	39	22	ğŸ‡¬ğŸ‡·
Greenland	GL	GRL	304	72	-40	ğŸ‡¬ğŸ‡±
Grenada	GD	GRD	308	12.1167	-61.6667	ğŸ‡¬ğŸ‡©
Guadeloupe	GP	GLP	312	16.25	-61.5833	ğŸ‡¬ğŸ‡µ
Guam	GU	GUM	316	13.4667	144.7833	ğŸ‡¬ğŸ‡º
Guatemala	GT	GTM	320	15.5	-90.25	ğŸ‡¬ğŸ‡¹
Guernsey	GG	GGY	831	49.5	-2.56	ğŸ‡¬ğŸ‡¬
Guinea	GN	GIN	324	11	-10	ğŸ‡¬ğŸ‡³
Guinea-Bissau	GW	GNB	624	12	-15	ğŸ‡¬ğŸ‡¼
Guyana	GY	GUY	328	5	-59	ğŸ‡¬ğŸ‡¾
Haiti	HT	HTI	332	19	-72.4167	ğŸ‡­ğŸ‡¹
Heard Island and McDonald Islands	HM	HMD	334	-53.1	72.5167	ğŸ‡­ğŸ‡²
Holy See (Vatican City State)	VA	VAT	336	41.9	12.45	ğŸ‡»ğŸ‡¦
Honduras	HN	HND	340	15	-86.5	ğŸ‡­ğŸ‡³
Hong Kong	HK	HKG	344	22.25	114.1667	ğŸ‡­ğŸ‡°
Hungary	HU	HUN	348	47	20	ğŸ‡­ğŸ‡º
Iceland	IS	ISL	352	65	-18	ğŸ‡®ğŸ‡¸
India	IN	IND	356	20	77	ğŸ‡®ğŸ‡³
Indonesia	ID	IDN	360	-5	120	ğŸ‡®ğŸ‡©
Iran, Islamic Republic of	IR	IRN	364	32	53	ğŸ‡®ğŸ‡·
Iraq	IQ	IRQ	368	33	44	ğŸ‡®ğŸ‡¶
Ireland	IE	IRL	372	53	-8	ğŸ‡®ğŸ‡ª
Isle of Man	IM	IMN	833	54.23	-4.55	ğŸ‡®ğŸ‡²
Israel	IL	ISR	376	31.5	34.75	ğŸ‡®ğŸ‡±
Italy	IT	ITA	380	42.8333	12.8333	ğŸ‡®ğŸ‡¹
Jamaica	JM	JAM	388	18.25	-77.5	ğŸ‡¯ğŸ‡²
Japan	JP	JPN	392	36	138	ğŸ‡¯ğŸ‡µ
Jersey	JE	JEY	832	49.21	-2.13	ğŸ‡¯ğŸ‡ª
Jordan	JO	JOR	400	31	36	ğŸ‡¯ğŸ‡´
Kazakhstan	KZ	KAZ	398	48	68	ğŸ‡°ğŸ‡¿
Kenya	KE	KEN	404	1	38	ğŸ‡°ğŸ‡ª
Kiribati	KI	KIR	296	1.4167	173	ğŸ‡°ğŸ‡®
Korea, Democratic People's Republic of	KP	PRK	408	40	127	ğŸ‡°ğŸ‡µ
South Korea	KR	KOR	410	37	127.5	ğŸ‡°ğŸ‡·
Kuwait	KW	KWT	414	29.3375	47.6581	ğŸ‡°ğŸ‡¼
Kyrgyzstan	KG	KGZ	417	41	75	ğŸ‡°ğŸ‡¬
Lao People's Democratic Republic	LA	LAO	418	18	105	ğŸ‡±ğŸ‡¦
Latvia	LV	LVA	428	57	25	ğŸ‡±ğŸ‡»
Lebanon	LB	LBN	422	33.8333	35.8333	ğŸ‡±ğŸ‡§
Lesotho	LS	LSO	426	-29.5	28.5	ğŸ‡±ğŸ‡¸
Liberia	LR	LBR	430	6.5	-9.5	ğŸ‡±ğŸ‡·
Libya	LY	LBY	434	25	17	ğŸ‡±ğŸ‡¾
Liechtenstein	LI	LIE	438	47.1667	9.5333	ğŸ‡±ğŸ‡®
Lithuania	LT	LTU	440	56	24	ğŸ‡±ğŸ‡¹
Luxembourg	LU	LUX	442	49.75	6.1667	ğŸ‡±ğŸ‡º
Macao	MO	MAC	446	22.1667	113.55	ğŸ‡²ğŸ‡´
Macedonia, the former Yugoslav Republic of	MK	MKD	807	41.8333	22	ğŸ‡²ğŸ‡°
Madagascar	MG	MDG	450	-20	47	ğŸ‡²ğŸ‡¬
Malawi	MW	MWI	454	-13.5	34	ğŸ‡²ğŸ‡¼
Malaysia	MY	MYS	458	2.5	112.5	ğŸ‡²ğŸ‡¾
Maldives	MV	MDV	462	3.25	73	ğŸ‡²ğŸ‡»
Mali	ML	MLI	466	17	-4	ğŸ‡²ğŸ‡±
Malta	MT	MLT	470	35.8333	14.5833	ğŸ‡²ğŸ‡¹
Marshall Islands	MH	MHL	584	9	168	ğŸ‡²ğŸ‡­
Martinique	MQ	MTQ	474	14.6667	-61	ğŸ‡²ğŸ‡¶
Mauritania	MR	MRT	478	20	-12	ğŸ‡²ğŸ‡·
Mauritius	MU	MUS	480	-20.2833	57.55	ğŸ‡²ğŸ‡º
Mayotte	YT	MYT	175	-12.8333	45.1667	ğŸ‡¾ğŸ‡¹
Mexico	MX	MEX	484	23	-102	ğŸ‡²ğŸ‡½
Micronesia, Federated States of	FM	FSM	583	6.9167	158.25	ğŸ‡«ğŸ‡²
Moldova, Republic of	MD	MDA	498	47	29	ğŸ‡²ğŸ‡©
Monaco	MC	MCO	492	43.7333	7.4	ğŸ‡²ğŸ‡¨
Mongolia	MN	MNG	496	46	105	ğŸ‡²ğŸ‡³
Montenegro	ME	MNE	499	42	19	ğŸ‡²ğŸ‡ª
Montserrat	MS	MSR	500	16.75	-62.2	ğŸ‡²ğŸ‡¸
Morocco	MA	MAR	504	32	-5	ğŸ‡²ğŸ‡¦
Mozambique	MZ	MOZ	508	-18.25	35	ğŸ‡²ğŸ‡¿
Myanmar	MM	MMR	104	22	98	ğŸ‡²ğŸ‡²
Namibia	NA	NAM	516	-22	17	ğŸ‡³ğŸ‡¦
Nauru	NR	NRU	520	-0.5333	166.9167	ğŸ‡³ğŸ‡·
Nepal	NP	NPL	524	28	84	ğŸ‡³ğŸ‡µ
Netherlands	NL	NLD	528	52.5	5.75	ğŸ‡³ğŸ‡±
Netherlands Antilles	AN	ANT	530	12.25	-68.75	ğŸ‡¦ğŸ‡³
New Caledonia	NC	NCL	540	-21.5	165.5	ğŸ‡³ğŸ‡¨
New Zealand	NZ	NZL	554	-41	174	ğŸ‡³ğŸ‡¿
Nicaragua	NI	NIC	558	13	-85	ğŸ‡³ğŸ‡®
Niger	NE	NER	562	16	8	ğŸ‡³ğŸ‡ª
Nigeria	NG	NGA	566	10	8	ğŸ‡³ğŸ‡¬
Niue	NU	NIU	570	-19.0333	-169.8667	ğŸ‡³ğŸ‡º
Norfolk Island	NF	NFK	574	-29.0333	167.95	ğŸ‡³ğŸ‡«
Northern Mariana Islands	MP	MNP	580	15.2	145.75	ğŸ‡²ğŸ‡µ
Norway	NO	NOR	578	62	10	ğŸ‡³ğŸ‡´
Oman	OM	OMN	512	21	57	ğŸ‡´ğŸ‡²
Pakistan	PK	PAK	586	30	70	ğŸ‡µğŸ‡°
Palau	PW	PLW	585	7.5	134.5	ğŸ‡µğŸ‡¼
Palestinian Territory, Occupied	PS	PSE	275	32	35.25	ğŸ‡µğŸ‡¸
Panama	PA	PAN	591	9	-80	ğŸ‡µğŸ‡¦
Papua New Guinea	PG	PNG	598	-6	147	ğŸ‡µğŸ‡¬
Paraguay	PY	PRY	600	-23	-58	ğŸ‡µğŸ‡¾
Peru	PE	PER	604	-10	-76	ğŸ‡µğŸ‡ª
Philippines	PH	PHL	608	13	122	ğŸ‡µğŸ‡­
Pitcairn	PN	PCN	612	-24.7	-127.4	ğŸ‡µğŸ‡³
Poland	PL	POL	616	52	20	ğŸ‡µğŸ‡±
Portugal	PT	PRT	620	39.5	-8	ğŸ‡µğŸ‡¹
Puerto Rico	PR	PRI	630	18.25	-66.5	ğŸ‡µğŸ‡·
Qatar	QA	QAT	634	25.5	51.25	ğŸ‡¶ğŸ‡¦
RÃ©union	RE	REU	638	-21.1	55.6	ğŸ‡·ğŸ‡ª
Romania	RO	ROU	642	46	25	ğŸ‡·ğŸ‡´
Russia	RU	RUS	643	60	100	ğŸ‡·ğŸ‡º
Rwanda	RW	RWA	646	-2	30	ğŸ‡·ğŸ‡¼
Saint Helena, Ascension and Tristan da Cunha	SH	SHN	654	-15.9333	-5.7	ğŸ‡¸ğŸ‡­
Saint Kitts and Nevis	KN	KNA	659	17.3333	-62.75	ğŸ‡°ğŸ‡³
Saint Lucia	LC	LCA	662	13.8833	-61.1333	ğŸ‡±ğŸ‡¨
Saint Pierre and Miquelon	PM	SPM	666	46.8333	-56.3333	ğŸ‡µğŸ‡²
Saint Vincent and the Grenadines	VC	VCT	670	13.25	-61.2	ğŸ‡»ğŸ‡¨
Samoa	WS	WSM	882	-13.5833	-172.3333	ğŸ‡¼ğŸ‡¸
San Marino	SM	SMR	674	43.7667	12.4167	ğŸ‡¸ğŸ‡²
Sao Tome and Principe	ST	STP	678	1	7	ğŸ‡¸ğŸ‡¹
Saudi Arabia	SA	SAU	682	25	45	ğŸ‡¸ğŸ‡¦
Senegal	SN	SEN	686	14	-14	ğŸ‡¸ğŸ‡³
Serbia	RS	SRB	688	44	21	ğŸ‡·ğŸ‡¸
Seychelles	SC	SYC	690	-4.5833	55.6667	ğŸ‡¸ğŸ‡¨
Sierra Leone	SL	SLE	694	8.5	-11.5	ğŸ‡¸ğŸ‡±
Singapore	SG	SGP	702	1.3667	103.8	ğŸ‡¸ğŸ‡¬
Slovakia	SK	SVK	703	48.6667	19.5	ğŸ‡¸ğŸ‡°
Slovenia	SI	SVN	705	46	15	ğŸ‡¸ğŸ‡®
Solomon Islands	SB	SLB	90	-8	159	ğŸ‡¸ğŸ‡§
Somalia	SO	SOM	706	10	49	ğŸ‡¸ğŸ‡´
South Africa	ZA	ZAF	710	-29	24	ğŸ‡¿ğŸ‡¦
South Georgia and the South Sandwich Islands	GS	SGS	239	-54.5	-37	ğŸ‡¬ğŸ‡¸
South Sudan	SS	SSD	728	8	30	ğŸ‡¸ğŸ‡¸
Spain	ES	ESP	724	40	-4	ğŸ‡ªğŸ‡¸
Sri Lanka	LK	LKA	144	7	81	ğŸ‡±ğŸ‡°
Sudan	SD	SDN	736	15	30	ğŸ‡¸ğŸ‡©
Suriname	SR	SUR	740	4	-56	ğŸ‡¸ğŸ‡·
Svalbard and Jan Mayen	SJ	SJM	744	78	20	ğŸ‡¸ğŸ‡¯
Swaziland	SZ	SWZ	748	-26.5	31.5	ğŸ‡¸ğŸ‡¿
Sweden	SE	SWE	752	62	15	ğŸ‡¸ğŸ‡ª
Switzerland	CH	CHE	756	47	8	ğŸ‡¨ğŸ‡­
Syrian Arab Republic	SY	SYR	760	35	38	ğŸ‡¸ğŸ‡¾
Taiwan	TW	TWN	158	23.5	121	ğŸ‡¹ğŸ‡¼
Tajikistan	TJ	TJK	762	39	71	ğŸ‡¹ğŸ‡¯
Tanzania, United Republic of	TZ	TZA	834	-6	35	ğŸ‡¹ğŸ‡¿
Thailand	TH	THA	764	15	100	ğŸ‡¹ğŸ‡­
Timor-Leste	TL	TLS	626	-8.55	125.5167	ğŸ‡¹ğŸ‡±
Togo	TG	TGO	768	8	1.1667	ğŸ‡¹ğŸ‡¬
Tokelau	TK	TKL	772	-9	-172	ğŸ‡¹ğŸ‡°
Tonga	TO	TON	776	-20	-175	ğŸ‡¹ğŸ‡´
Trinidad and Tobago	TT	TTO	780	11	-61	ğŸ‡¹ğŸ‡¹
Tunisia	TN	TUN	788	34	9	ğŸ‡¹ğŸ‡³
Turkey	TR	TUR	792	39	35	ğŸ‡¹ğŸ‡·
Turkmenistan	TM	TKM	795	40	60	ğŸ‡¹ğŸ‡²
Turks and Caicos Islands	TC	TCA	796	21.75	-71.5833	ğŸ‡¹ğŸ‡¨
Tuvalu	TV	TUV	798	-8	178	ğŸ‡¹ğŸ‡»
Uganda	UG	UGA	800	1	32	ğŸ‡ºğŸ‡¬
Ukraine	UA	UKR	804	49	32	ğŸ‡ºğŸ‡¦
United Arab Emirates	AE	ARE	784	24	54	ğŸ‡¦ğŸ‡ª
United Kingdom	GB	GBR	826	54	-2	ğŸ‡¬ğŸ‡§
United States	US	USA	840	38	-97	ğŸ‡ºğŸ‡¸
United States Minor Outlying Islands	UM	UMI	581	19.2833	166.6	ğŸ‡ºğŸ‡²
Uruguay	UY	URY	858	-33	-56	ğŸ‡ºğŸ‡¾
Uzbekistan	UZ	UZB	860	41	64	ğŸ‡ºğŸ‡¿
Vanuatu	VU	VUT	548	-16	167	ğŸ‡»ğŸ‡º
Venezuela	VE	VEN	862	8	-66	ğŸ‡»ğŸ‡ª
Vietnam	VN	VNM	704	16	106	ğŸ‡»ğŸ‡³
Virgin Islands, British	VG	VGB	92	18.5	-64.5	ğŸ‡»ğŸ‡¬
Virgin Islands, U.S.	VI	VIR	850	18.3333	-64.8333	ğŸ‡»ğŸ‡®
Wallis and Futuna	WF	WLF	876	-13.3	-176.2	ğŸ‡¼ğŸ‡«
Western Sahara	EH	ESH	732	24.5	-13	ğŸ‡ªğŸ‡­
Yemen	YE	YEM	887	15	48	ğŸ‡¾ğŸ‡ª
Zambia	ZM	ZMB	894	-15	30	ğŸ‡¿ğŸ‡²
Zimbabwe	ZW	ZWE	716	-20	30	ğŸ‡¿ğŸ‡¼
Ã…land Islands	AX	ALA	248	60.116667	19.9	ğŸ‡¦ğŸ‡½
Bonaire, Sint Eustatius and Saba	BQ	BES	535	12.183333	-68.233333	ğŸ‡§ğŸ‡¶
CuraÃ§ao	CW	CUW	531	12.166667	-68.966667	ğŸ‡¨ğŸ‡¼
Saint BarthÃ©lemy	BL	BLM	652	17.897728	-62.834244	ğŸ‡§ğŸ‡±
Saint Martin (French part)	MF	MAF	663	18.075278	-63.06	ğŸ‡²ğŸ‡«
Sint Maarten (Dutch part)	SX	SXM	534	18.033333	-63.05	ğŸ‡¸ğŸ‡½
Kosovo	XK	XKX	-1	42.583333	21	ğŸ‡½ğŸ‡°
